ID,Supplier,Code,Status
11,网新恒天科技有限公司,RON,ok
12,晖来计算机网络有限公司,CLP,hold
13,创汇网络有限公司,HTG,hold
14,潮子花科技有限公司,XOF,ok
15,时刻传媒有限公司,TOP,hold
16,信诚致远信息有限公司,LYD,ok
17,飞利信传媒有限公司,SDG,hold
18,济南亿次元传媒有限公司,MNT,ok
19,维旺明传媒有限公司,KHR,ok
20,泰麒麟信息有限公司,ISK,ok
21,创汇传媒有限公司,INR,ok
22,四通传媒有限公司,TMT,ok
23,凌颖信息传媒有限公司,DKK,hold
24,思优传媒有限公司,BAM,ok
25,泰麒麟传媒有限公司,KRW,hold
26,合联电子传媒有限公司,THB,hold
27,和泰科技有限公司,SOS,ok
28,昂歌信息网络有限公司,GNF,hold
29,戴硕电子科技有限公司,NIO,ok
30,襄樊地球村网络有限公司,BYN,hold
31,巨奥传媒有限公司,MWK,ok
32,佳禾科技有限公司,CHF,ok
33,创联世纪信息有限公司,SAR,ok
34,合联电子网络有限公司,ALL,ok
35,兰金电子传媒有限公司,XPF,hold
36,太极传媒有限公司,LAK,hold
37,九方传媒有限公司,GMD,hold
38,创联世纪网络有限公司,LRD,hold
39,万迅电脑传媒有限公司,GHS,hold
40,银嘉信息有限公司,MXN,hold
41,四通信息有限公司,PLN,ok
42,万迅电脑科技有限公司,YER,hold
43,新格林耐特网络有限公司,AUD,ok
44,易动力科技有限公司,PKR,hold
45,太极科技有限公司,SRD,hold
46,创联世纪科技有限公司,MRU,hold
47,飞海科技信息有限公司,KZT,hold
48,精芯网络有限公司,SYP,ok
49,群英网络有限公司,BDT,ok
50,海创传媒有限公司,NZD,hold
